image,xmin,ymin,xmax,ymax,label
000050.jpg,246.14112,692.0235,356.42784,796.3893,Truck
000050.jpg,454.49952,551.99988,476.99999999999994,565.49988,Car
000050.jpg,427.50048000000004,532.4999399999999,448.49951999999996,547.5000600000001,Car
000044.jpg,822.0441599999999,614.9044799999999,867.3254400000001,649.1836800000001,Car
000044.jpg,917.53344,711.37332,996.62592,811.0011599999999,Truck
000078.jpg,454.50048,568.49958,478.50048,599.9999399999999,Car
000093.jpg,899.00064,475.0002,934.00032,527.00004,Truck
000093.jpg,870.0,521.0001,893.9999999999999,540.00054,Car
000093.jpg,827.00064,545.0004,855.0,570.00024,Car
000093.jpg,869.0006400000001,549.0007200000001,911.00064,598.00032,Truck
000093.jpg,855.70464,835.85628,938.9423999999999,902.3238,Car
000093.jpg,702.0000000000001,513.0,745.00032,561.9996,Truck
000093.jpg,780.0,511.50042,799.4995200000001,534.00006,Car
000087.jpg,1103.4220799999998,498.38975999999997,1159.0790399999998,552.37896,Truck
000087.jpg,38.546879999999994,677.99376,268.67616,865.26576,Truck
000087.jpg,684.5568000000001,591.73254,842.98368,787.68018,Truck
000087.jpg,331.90368,747.11808,414.74592,799.2324,Car
000087.jpg,711.0000000000001,494.99964,755.00064,551.99988,Truck
000087.jpg,760.50048,526.50054,784.5004799999999,549.00018,Car
000086.jpg,882.00096,485.99999999999994,924.00096,532.99944,Truck
000086.jpg,1052.87232,514.0772999999999,1111.0060799999999,581.6669400000001,Truck
000086.jpg,420.096,573.8499,525.76128,679.72338,Truck
000086.jpg,138.63744,614.5723800000001,264.32064,726.82218,Truck
000086.jpg,49.65408000000001,878.85702,175.59264,966.3877800000001,Car
000086.jpg,142.32384,795.35574,243.2352,860.57802,Car
000086.jpg,395.3664,685.0272600000001,734.3424,1070.06778,Truck
000086.jpg,645.0,592.99992,687.0,624.00024,Car
000086.jpg,760.49856,482.99976000000004,793.4995200000001,520.4995200000001,Bus
000092.jpg,895.99968,480.9996,933.0,535.99968,Truck
000092.jpg,856.99968,516.99978,880.99968,537.0002999999999,Car
000092.jpg,845.38176,564.5511,881.51232,591.6882599999999,Car
000092.jpg,736.99968,628.00002,780.0,663.9996600000001,Car
000092.jpg,805.99872,602.0001000000001,867.99936,669.00006,Truck
000092.jpg,757.50144,481.49964,784.50048,524.99988,Bus
000079.jpg,622.09344,694.7175599999999,761.23584,852.3306000000001,Bus
000079.jpg,854.62848,783.8839800000001,929.49696,854.3399400000001,Car
000079.jpg,348.00096,611.99982,390.00095999999996,647.99946,Car
000079.jpg,418.50048,585.00036,454.50048,612.0003599999999,Car
000079.jpg,461.99904000000004,553.50054,484.49952,579.0004200000001,Car
000045.jpg,881.00064,531.0003600000001,911.00064,556.0002000000001,Car
000045.jpg,1016.1167999999999,604.6326,1063.64256,666.7347599999999,Truck
000051.jpg,440.9990399999999,573.00048,469.49952,600.0004799999999,Car
000051.jpg,460.50048,555.00066,484.50048000000004,577.5003000000002,Car
000051.jpg,744.0009600000001,535.49964,769.50048,559.4993999999999,Car
000047.jpg,963.64512,618.9723,1009.28544,658.1536199999999,Car
000047.jpg,746.99904,501.00012,775.49952,535.49964,Truck
000047.jpg,1095.0009599999998,526.50054,1122.0,562.5001800000001,Truck
000053.jpg,0.0,928.1088,76.8768,1006.19928,Car
000053.jpg,788.99904,569.9997,886.99968,691.99974,Truck
000053.jpg,19.934399999999993,727.32546,102.95711999999999,788.19102,Car
000053.jpg,669.66048,623.9402999999999,758.03616,708.62634,Truck
000053.jpg,269.97695999999996,648.6026400000001,322.63872,686.44584,Car
000053.jpg,348.0,610.4997,388.50048,646.4993400000001,Car
000084.jpg,846.82848,527.50872,907.5177600000001,593.0388,Truck
000084.jpg,27.0672,735.98868,105.50496,788.42484,Car
000084.jpg,926.75616,607.82724,1021.9132799999999,742.43628,Truck
000084.jpg,669.19488,509.79456,716.28864,556.49808,Truck
000084.jpg,422.99904000000004,518.0003999999999,472.99968,566.9999999999999,Truck
000084.jpg,382.50048000000004,598.50036,421.49952,632.99988,Car
000084.jpg,442.50048000000004,579.00042,466.50048000000004,601.5000600000001,Car
000084.jpg,728.9999999999999,551.9998800000001,751.5004799999999,578.99988,Car
000090.jpg,872.0001599999999,503.000064,923.00016,578.0000160000001,Truck
000090.jpg,389.49696000000006,588.61944,496.56768,682.2576,Truck
000090.jpg,802.000512,573.999534,839.000448,602.999586,Car
000090.jpg,728.9444159999999,651.076164,778.194144,688.7199960000002,Car
000640.jpg,1326.0,274.49927999999994,1369.49952,334.49976,Truck
000640.jpg,1362.0,256.5,1407.00096,310.50000000000006,Truck
000640.jpg,1169.9990400000002,289.49994,1216.49952,334.50030000000004,Truck
000640.jpg,540.0,621.00054,640.5004799999999,687.00042,Car
000091.jpg,888.93216,486.51948000000004,927.74112,549.40788,Truck
000091.jpg,0.0,701.16732,125.14176,886.8754799999999,Truck
000091.jpg,851.00064,526.9995,874.0003199999999,547.0000200000001,Car
000091.jpg,825.2870399999999,555.6087,855.89568,581.15826,Car
000091.jpg,755.47104,677.12652,810.1776,718.62444,Car
000091.jpg,338.42015999999995,916.2050399999999,432.4944,994.9564799999999,Car
000091.jpg,689.96448,738.5320800000001,774.37728,846.3204000000001,Truck
000085.jpg,871.9996799999999,497.99988,921.0,551.99988,Truck
000085.jpg,1010.0524800000001,548.23392,1071.7190400000002,640.9108799999999,Truck
000085.jpg,575.17344,534.47256,643.74624,598.36104,Truck
000085.jpg,386.51712,548.01036,467.2224,627.1182,Truck
000085.jpg,108.72767999999999,701.33634,185.77728,752.78214,Car
000085.jpg,578.57952,630.4311,627.2188800000001,665.6553,Car
000085.jpg,634.584,589.14972,671.69184,617.1562800000002,Car
000085.jpg,276.99935999999997,638.99982,330.99936,680.9999399999999,Car
000052.jpg,592.52832,625.8535200000001,637.4044799999999,660.8087999999999,Car
000052.jpg,541.6175999999999,709.99632,762.41184,945.77976,Truck
000052.jpg,317.47871999999995,622.46448,369.98496,666.18072,Car
000052.jpg,132.80543999999998,904.43736,411.77952,1080.0,Truck
000052.jpg,430.49951999999996,586.49994,460.49951999999996,615.0000600000001,Car
000052.jpg,445.49951999999996,565.50042,474.0,591.0003,Car
000046.jpg,891.9993599999999,502.00019999999995,918.0,522.99972,Car
000046.jpg,1058.99904,558.9999,1094.9990400000002,599.9999399999999,Truck
000046.jpg,815.0640000000001,779.96952,893.7820800000001,846.56232,Car
000046.jpg,777.0000000000001,485.99946,802.4995200000001,514.49958,Truck
000042.jpg,1128.99936,493.00056,1180.0003199999999,544.00032,Truck
000056.jpg,893.9999999999999,477.9999,930.0,524.0003399999999,Truck
000056.jpg,427.86816,533.44278,483.29472,607.4065799999998,Truck
000056.jpg,396.13824,708.95304,465.53472000000005,763.3353599999999,Car
000056.jpg,345.53855999999996,681.6133800000001,439.56864,751.76694,Truck
000056.jpg,503.0371200000001,885.72096,830.08416,1080.0,Truck
000056.jpg,856.49952,475.49969999999996,886.49952,514.49958,Truck
000081.jpg,865.49568,521.69508,908.60736,576.7750799999999,Bus
000081.jpg,1072.99872,548.99964,1104.99936,574.99956,Car
000081.jpg,-0.0009600000000009601,741.32334,72.61152,803.8283399999999,Car
000081.jpg,493.69055999999995,669.45798,545.89344,706.4793,Car
000081.jpg,660.21312,688.55778,715.8240000000001,741.3967800000001,Car
000081.jpg,214.99967999999998,669.0000600000001,272.99904000000004,712.00026,Car
000081.jpg,651.04128,525.4767,711.04896,588.44394,Bus
000081.jpg,724.99968,555.00012,751.0003200000001,579.99996,Car
000095.jpg,1060.05888,570.4068599999999,1094.00832,597.3388199999999,Car
000095.jpg,220.11936000000003,658.67904,373.91711999999995,802.57824,Bus
000095.jpg,488.9990400000001,679.9998599999999,543.99936,716.99958,Car
000095.jpg,614.3433600000001,722.88072,681.56064,776.78784,Car
000094.jpg,895.00032,457.99992000000003,931.0003200000001,506.99952,Truck
000094.jpg,851.00064,517.00032,874.0003199999999,537.9998400000001,Car
000094.jpg,884.00064,524.99934,922.00128,568.9996199999999,Truck
000094.jpg,1010.7686399999999,639.0684000000001,1055.20512,677.65248,Car
000094.jpg,572.9232,553.3083,641.39616,628.4730599999999,Bus
000094.jpg,707.00064,559.0004399999999,739.00128,588.0006000000001,Car
000080.jpg,814.39584,569.3895,879.17088,648.5394600000001,Bus
000080.jpg,990.0009600000001,608.99958,1037.00064,646.9993800000001,Car
000080.jpg,117.83904,695.88504,186.61535999999998,745.78968,Car
000080.jpg,282.19487999999996,637.70112,337.81152000000003,682.2878400000001,Car
000080.jpg,705.0,559.0004400000001,735.0,585.00036,Car
000080.jpg,405.00096,595.49958,441.00096,626.99994,Car
000080.jpg,729.00096,499.49946,772.5004799999999,541.49958,Truck
000057.jpg,313.17696,572.07978,402.90624,661.1830199999999,Truck
000057.jpg,588.672,621.95472,634.74432,659.5106400000001,Car
000057.jpg,866.3798400000001,645.04188,1006.26144,830.6874,Truck
000057.jpg,897.00096,462.00023999999996,928.50048,495.00072,Truck
000057.jpg,868.5004799999999,464.99994,888.0,493.50005999999996,Truck
000057.jpg,445.49952,558.00036,478.50048,595.5001199999999,Car
000043.jpg,423.75936,982.64124,558.57024,1077.31188,Car
000069.jpg,1093.00032,538.99992,1119.00096,559.99944,Car
000069.jpg,846.9993599999999,525.99996,874.9987199999999,546.99948,Car
000069.jpg,798.3408000000001,636.8436,850.1712,672.462,Car
000069.jpg,974.80896,642.4617599999999,1061.76576,755.42976,Bus
000069.jpg,687.0,672.0003,745.99968,717.0006599999999,Car
000069.jpg,919.49952,487.50012,947.9999999999999,520.5006,Truck
000069.jpg,884.99904,507.00005999999996,913.4995200000001,529.4997,Car
000055.jpg,885.0009600000001,503.99982,924.0,548.0001,Truck
000055.jpg,840.0,507.00006,878.99904,548.0001,Truck
000055.jpg,443.25408,513.56646,490.22304,569.6454600000001,Truck
000055.jpg,685.99968,572.9994,723.0,604.9998,Car
000055.jpg,600.99936,571.99986,654.99936,613.9999799999999,Truck
000041.jpg,1073.5536,509.54778000000005,1127.9184000000002,570.96198,Truck
000096.jpg,1091.0006400000002,534.9996,1121.0006400000002,558.9993599999999,Car
000096.jpg,786.0,585.9998999999999,826.9996799999999,620.99946,Car
000096.jpg,704.5248,733.5154799999999,767.28192,782.91252,Car
000096.jpg,847.8153599999999,868.2497999999999,943.08768,944.34876,Car
000082.jpg,884.9990399999999,494.00064,922.99968,542.0001599999999,Bus
000082.jpg,796.99968,578.99988,830.9990399999999,611.0002800000001,Car
000082.jpg,491.88288,580.70196,587.47968,674.82828,Bus
000082.jpg,532.00128,662.00058,571.00032,698.00022,Car
000082.jpg,779.00064,620.0004600000001,826.00032,658.00026,Car
000082.jpg,632.04672,693.43452,770.0755200000001,860.74164,Truck
000082.jpg,315.47231999999997,753.10614,394.20192000000003,808.1159399999999,Car
000082.jpg,506.09567999999996,725.5521,627.6912,859.4450999999999,Truck
000082.jpg,748.50048,467.99964,777.00096,514.50012,Truck
000082.jpg,381.0,598.4992799999999,411.0,631.4997599999999,Car
000082.jpg,421.50048000000004,594.0,447.0,614.9995200000001,Car
000083.jpg,837.00096,538.99992,864.0,563.9997599999999,Car
000083.jpg,25.371839999999995,709.9342200000001,245.14464,900.18378,Bus
000083.jpg,868.99968,548.99964,900.0,574.99956,Car
000083.jpg,796.9871999999999,573.4378800000001,874.5072,667.8666000000001,Truck
000083.jpg,743.9184,588.0286799999999,803.352,654.2218799999999,Truck
000083.jpg,243.0,660.0004200000001,294.00096,700.0003800000001,Car
000083.jpg,155.73408,681.93252,221.01600000000002,722.8062,Car
000083.jpg,683.8704,794.6596799999999,910.80096,1067.1415200000001,Truck
000083.jpg,336.00000000000006,624.99924,381.99935999999997,657.99972,Car
000083.jpg,895.50048,478.50048,916.49952,513.0,Bus
000083.jpg,709.50048,483.00030000000004,751.5004799999999,525.00042,Truck
000097.jpg,842.99904,532.9994399999999,873.99936,560.9995199999998,Car
000097.jpg,833.69184,601.4708999999999,871.5100799999999,629.84574,Car
000097.jpg,1007.8224000000001,647.92278,1054.36128,688.3525800000001,Car
000097.jpg,586.2211199999999,744.67134,657.87744,799.99002,Car
000040.jpg,1045.8441599999999,545.81202,1103.8416000000002,616.4559,Truck
000040.jpg,448.78752,635.67504,525.6432,694.0360800000001,Truck
000054.jpg,859.6656,532.0971,916.54176,595.89378,Truck
000054.jpg,798.4223999999999,546.29046,847.0752,598.96314,Truck
000054.jpg,95.62943999999999,677.6929799999999,175.35935999999998,733.3983,Truck
000054.jpg,386.12255999999996,503.79408,440.61791999999997,550.31616,Truck
000054.jpg,708.00096,524.99988,733.5004799999999,558.00036,Car
000054.jpg,771.0,514.50012,796.49952,535.49964,Car
000068.jpg,1063.0003199999999,576.99972,1096.00128,604.9997999999999,Car
000068.jpg,195.41855999999999,649.60056,273.70656,712.09584,Bus
000068.jpg,861.00096,561.9996,895.0003199999999,587.99952,Car
000068.jpg,814.9996800000001,565.9999200000001,848.99904,591.99984,Car
000068.jpg,346.87104000000005,730.0022400000001,419.20512,790.71984,Car
000068.jpg,547.26336,903.30498,643.85856,979.3207799999999,Car
000068.jpg,898.5004799999999,511.50042,930.0,540.0005400000001,Truck
000033.jpg,337.7952,641.62908,459.50016,746.51652,Bus
000033.jpg,170.32416,675.01458,231.73536000000001,722.96118,Car
000033.jpg,652.4995200000001,545.9999399999999,677.99904,568.49958,Car
000033.jpg,741.0,538.49988,763.50048,555.0001199999999,Car
000027.jpg,580.99872,542.51262,654.8131199999999,618.89994,Truck
000027.jpg,652.00032,552.99996,713.00064,611.00028,Bus
000027.jpg,652.0003200000001,552.99996,708.00096,606.99996,Truck
003506.jpg,579.99936,177.99965999999998,620.9990399999999,221.99994,Truck
003506.jpg,620.5008,186.25464,674.3356800000001,243.15336000000002,Truck
003506.jpg,888.4492799999999,810.2467800000001,1041.12384,939.49362,Car
003506.jpg,1581.56448,451.92222000000004,1910.7926400000001,736.87914,Truck
003512.jpg,566.9990399999999,167.99994,614.9990399999999,214.00038,Truck
003512.jpg,747.90432,226.45386,835.04352,305.55414,Truck
003512.jpg,1232.18304,417.21425999999997,1393.98144,563.86206,Truck
003512.jpg,1443.19488,455.0229,1593.7151999999999,564.3091800000001,Truck
003512.jpg,603.00096,214.49988,630.0,244.50012,Truck
003512.jpg,409.50144,190.50012,436.50048000000004,223.5006,Truck
003512.jpg,384.0009600000001,142.50006,405.0,171.00018,Truck
000621.jpg,587.9126400000001,510.57594,730.14816,629.43534,Truck
000621.jpg,1293.99936,313.0002,1327.00032,339.00012000000004,Car
000621.jpg,1085.36832,455.43168000000003,1197.85344,578.03112,Truck
000621.jpg,984.5366400000001,520.05456,1062.64032,575.51904,Car
000621.jpg,1375.99968,238.99967999999998,1413.0,290.99952,Truck
000621.jpg,1225.49952,250.49952000000002,1270.5004800000002,304.49952,Truck
000635.jpg,1296.5174399999999,309.16242,1356.2851199999998,386.42886000000004,Truck
000635.jpg,1261.91328,335.39561999999995,1294.0099200000002,362.9583,Car
000635.jpg,920.6496000000001,360.46296,1054.75776,481.99536,Truck
000635.jpg,1112.3779200000001,440.57304000000005,1170.2640000000001,481.52016000000003,Car
000635.jpg,1144.27872,302.16888000000006,1214.21088,365.50656000000004,Truck
000635.jpg,715.65216,600.6096000000001,991.6003200000001,897.26832,Truck
000609.jpg,1168.99968,269.00046000000003,1233.99936,338.00058,Truck
000609.jpg,324.20063999999996,666.33138,881.9510399999999,1080.00054,Truck
000608.jpg,388.34976,547.2775800000001,484.3056000000001,602.00226,Car
000608.jpg,1235.9990400000002,242.99999999999997,1284.99936,300.00023999999996,Truck
000634.jpg,0.30047999999998076,564.04566,430.75872,978.8013000000001,Truck
000634.jpg,1196.64192,368.58132,1291.14432,471.19644000000005,Truck
000634.jpg,1153.0012800000002,286.0002,1210.00032,363.99996000000004,Truck
000634.jpg,1129.43424,419.08806000000004,1178.22144,463.24602000000004,Car
000634.jpg,1102.0003199999999,308.99987999999996,1168.0003199999999,369.00036,Truck
000634.jpg,1105.3392000000001,301.26815999999997,1203.768,369.89136,Truck
000634.jpg,527.14944,805.85496,677.8464,905.57352,Car
000620.jpg,1360.99968,258.00012,1399.9987200000003,309.99996,Truck
000620.jpg,1338.99936,278.00010000000003,1361.9990400000002,298.00061999999997,Car
000620.jpg,951.13248,380.38626,1032.6576,449.80974000000003,Truck
000620.jpg,1150.61472,412.93746,1202.1648,452.53565999999995,Car
003513.jpg,680.88192,208.55502,752.1676800000001,280.0953,Truck
003513.jpg,886.2816,303.2289,970.1971199999999,386.19341999999995,Truck
003513.jpg,1010.7974399999999,324.8424,1090.4044800000001,397.65383999999995,Truck
003513.jpg,429.00096,214.49988,456.00000000000006,247.50036,Truck
003513.jpg,477.00000000000006,229.5,497.99904000000004,249.00048,Car
003513.jpg,394.49952,159.0003,416.99999999999994,194.99994,Truck
003507.jpg,580.00128,168.00048,626.00064,222.00047999999998,Truck
003507.jpg,1065.7939199999998,316.36602,1266.03072,455.85125999999997,Truck
000026.jpg,686.0784,506.21598,733.10496,561.8737799999999,Truck
000026.jpg,744.20832,508.788,782.72928,559.5717599999999,Bus
000032.jpg,610.1577599999999,547.80894,672.8745600000001,609.5925000000001,Bus
000032.jpg,426.0,579.00042,452.99904000000004,607.50054,Car
000032.jpg,792.00096,499.49945999999994,805.50048,514.49958,Car
000024.jpg,868.0684800000001,524.0570399999999,910.71168,574.3548,Truck
000024.jpg,797.00064,573.00048,832.0003200000001,600.0004799999999,Car
000024.jpg,623.99904,611.00028,667.9996799999999,644.00076,Car
000024.jpg,247.22784000000001,649.03626,302.67936,696.2355,Car
000024.jpg,693.00096,547.5006,720.0,571.5003599999999,Car
000030.jpg,877.4639999999999,535.3576200000001,910.37088,563.7605400000001,Car
000030.jpg,126.57600000000002,797.958,225.24096,861.84,Car
000030.jpg,649.99968,592.9999200000001,682.00032,619.99992,Car
000030.jpg,760.49952,481.49964,790.49952,514.50012,Bus
003511.jpg,607.99968,186.99984,661.9996799999999,240.99983999999998,Truck
003511.jpg,670.00032,240.9993,714.00096,286.99974,Truck
003511.jpg,840.7103999999999,244.42721999999998,953.8176,341.8767,Truck
000018.jpg,870.0,494.00010000000003,889.00032,513.00054,Car
000018.jpg,901.9996799999999,507.0000599999999,951.0,578.0003399999999,Truck
000018.jpg,1060.99968,563.9997599999999,1092.0,586.9994399999999,Car
000018.jpg,402.63648,541.9008,487.91328,619.866,Truck
000018.jpg,621.99936,608.00004,662.99904,640.00044,Car
000018.jpg,891.00096,455.99976,918.0,489.00024,Truck
003505.jpg,627.12672,196.33158000000003,672.35616,245.12706,Truck
003505.jpg,680.46144,207.87408000000002,742.8076799999999,272.86199999999997,Truck
003505.jpg,598.17696,391.70952,656.4662400000001,435.19464,Car
003505.jpg,762.4128,467.26200000000006,838.6022399999999,527.05512,Car
000636.jpg,1339.64448,279.96354,1388.19552,337.80942,Truck
000636.jpg,1320.0,294.99984,1346.9990400000002,317.99951999999996,Car
000636.jpg,59.56031999999999,583.5056400000001,536.65728,940.77612,Truck
000636.jpg,1261.00032,345.0006,1294.9996800000001,369.00036,Car
000636.jpg,982.01376,356.54148000000004,1097.3155199999999,449.77139999999997,Truck
000636.jpg,1136.76672,390.23747999999995,1250.7532800000001,523.00836,Truck
000636.jpg,672.73824,437.21964,856.26912,573.74892,Truck
000636.jpg,579.8755199999999,658.53864,896.48928,985.37256,Truck
000636.jpg,1187.6457599999999,278.24958,1233.6700799999999,329.39298,Truck
000622.jpg,1344.0000000000002,268.99992000000003,1368.0,289.99944000000005,Car
000622.jpg,1266.77856,337.65389999999996,1327.12992,409.22442,Truck
000622.jpg,1242.0,357.99947999999995,1275.0009599999998,384.99948,Car
000622.jpg,1380.9993599999998,230.00003999999998,1415.99904,279.99971999999997,Truck
000622.jpg,1155.8947200000002,281.41668,1213.0512,345.39588,Truck
000622.jpg,930.65088,550.29132,1089.27744,710.9413199999999,Truck
000622.jpg,352.1376,911.91906,529.2384000000001,1032.3163800000002,Car
000623.jpg,1340.06016,288.55926000000005,1384.0588799999998,338.11938,Truck
000623.jpg,1012.5484800000002,328.24116,1107.85728,416.1402,Truck
000623.jpg,1184.80032,402.34698000000003,1271.2368,497.93022,Truck
000623.jpg,1104.64896,436.49495999999994,1162.6944,481.74696,Car
000623.jpg,917.51808,566.49456,1006.0147200000001,626.5792799999999,Car
000623.jpg,572.46816,765.3366,721.90368,873.5418,Car
000637.jpg,1362.0,254.99988,1402.9996800000001,308.99988,Truck
000637.jpg,1320.0009599999998,292.99968,1348.0003199999999,316.99944,Car
000637.jpg,528.9388799999999,490.52088,788.54592,688.1090399999999,Truck
000637.jpg,1274.6448,316.16028000000006,1339.5350400000002,398.91204,Truck
000637.jpg,0.0009600000000009601,661.98168,299.92992000000004,989.00568,Truck
000637.jpg,1093.9862399999997,407.48184000000003,1222.7625600000001,555.7766399999999,Truck
000637.jpg,1095.6028800000001,309.23586,1158.2928,375.9507,Truck
000637.jpg,454.60608,525.7137600000001,543.936,581.9580000000001,Car
000637.jpg,858.09888,530.8497,1077.54144,747.5700599999999,Truck
000637.jpg,1173.5433600000001,335.76282,1202.84448,359.4483,Car
003504.jpg,681.5289600000001,221.68674,733.84896,274.79142,Truck
003504.jpg,763.6128,232.78428000000002,843.8496,311.03244,Truck
003504.jpg,495.0,285.00012,532.0003200000001,318.0006,Car
003504.jpg,588.9119999999999,322.37082,634.45056,357.14358,Car
000019.jpg,915.0192,486.66204,952.47264,541.74636,Truck
000019.jpg,249.72576,569.49102,376.49376,685.94634,Truck
000019.jpg,155.14944,831.4088399999999,258.57599999999996,902.65644,Car
000019.jpg,941.6668800000001,749.9109599999999,1013.94912,811.96776,Car
000019.jpg,564.2006399999999,793.09314,647.52288,856.89414,Car
000019.jpg,1111.49952,526.5,1135.49952,547.49952,Car
003510.jpg,656.14464,211.16106,720.21504,266.59638,Truck
003510.jpg,779.62944,279.38196,831.0739199999999,333.6778800000001,Truck
003510.jpg,983.2204799999998,276.11388000000005,1145.86368,409.42908,Truck
000031.jpg,889.00032,509.99976000000004,918.0,533.99952,Car
000031.jpg,308.40864,763.8667199999999,384.42336,814.6332,Car
000031.jpg,711.0,505.49994000000004,745.50048,547.5000600000001,Bus
000031.jpg,430.50048,535.50018,457.49952,557.99982,Car
000025.jpg,884.0006400000001,495.00018,925.00032,541.00062,Truck
000025.jpg,849.0,517.99986,871.9996799999999,538.00038,Car
000025.jpg,214.68096,803.6593200000001,312.95808,867.30588,Car
000025.jpg,446.00064,666.9999,506.00064,705.99978,Car
000025.jpg,743.0006400000001,482.00021999999996,783.0,528.0006599999999,Truck
003514.jpg,631.9996799999999,191.0007,688.9987199999999,253.00025999999997,Truck
003514.jpg,731.25312,251.16966000000002,785.95008,308.34162000000003,Truck
003514.jpg,819.44928,273.97818,873.4646399999999,324.98981999999995,Truck
003514.jpg,1142.6208,340.86636,1373.328,494.43803999999994,Truck
003514.jpg,443.0688,229.33476000000002,494.32896,284.6502,Truck
003514.jpg,522.0,256.49946,548.99904,287.99982000000006,Car
003514.jpg,411.00096,181.49994,435.00096,217.49958,Truck
000009.jpg,835.99968,558.9999,897.0,625.9998599999999,Truck
000009.jpg,823.00032,552.9999600000001,852.0,577.9998,Car
000009.jpg,624.87936,541.32408,682.2912,596.85768,Bus
000009.jpg,618.99936,702.99954,694.0003199999999,775.99998,Car
000009.jpg,613.72416,797.8019400000001,688.96512,857.25918,Car
003500.jpg,505.50048,253.5003,528.0009600000001,271.50066,Car
003500.jpg,901.49952,347.99976000000004,954.0,382.49928,Car
003500.jpg,932.99904,328.50035999999994,978.0,366.00012,Car
003500.jpg,1834.4995199999998,521.99964,1919.9990400000002,740.99988,Truck
000021.jpg,925.3881600000001,461.39544,961.8643200000001,502.51968000000005,Truck
000021.jpg,1069.9996800000001,556.0002,1102.00032,585.00036,Car
000021.jpg,881.00064,532.00044,909.0,556.0002000000001,Car
000021.jpg,829.0003199999999,577.9998,867.00096,609.00012,Car
000035.jpg,117.00000000000001,763.99956,195.0,821.99988,Car
000035.jpg,835.80768,590.40414,876.4752,627.33906,Car
000035.jpg,261.6768,767.85894,342.36672,833.80266,Car
000035.jpg,425.99904,586.5004799999999,455.99904,610.50024,Car
000633.jpg,722.27904,397.74294000000003,914.0947199999999,552.0522599999999,Truck
000633.jpg,969.2803200000001,477.25578,1148.67936,677.1389399999999,Truck
000633.jpg,1188.9993599999998,258.99966,1283.99904,328.99986,Truck
000633.jpg,747.86976,645.11694,850.51488,739.46682,Truck
000633.jpg,1181.9990400000002,279.99972,1235.99904,330.99948,Truck
000627.jpg,1344.0000000000002,273.99978000000004,1368.0,294.0003,Car
000627.jpg,1033.77696,308.20932,1130.0592,405.38988,Truck
000627.jpg,1158.18816,351.04374,1296.04032,510.82002,Truck
000627.jpg,1112.8204799999999,431.02368,1164.5376,473.35968,Car
000627.jpg,1384.50144,260.99928,1405.50048,293.99976000000004,Truck
000626.jpg,1357.99968,267.99984,1395.0,321.99984,Truck
000626.jpg,1292.04384,311.71986,1326.7324800000001,339.02118,Car
000626.jpg,1148.4950399999998,276.53885999999994,1216.48416,344.63178,Truck
000626.jpg,879.1891199999999,445.56803999999994,1164.58944,748.5555599999999,Truck
000626.jpg,378.80448,878.8176,560.70912,993.5028,Car
000632.jpg,1387.00032,226.99980000000002,1420.00128,274.99932,Truck
000632.jpg,992.49216,324.12204,1103.8675200000002,422.80812000000003,Truck
000632.jpg,560.25408,572.08086,657.264,642.02058,Truck
000632.jpg,64.28927999999998,877.1365800000001,595.0464,1080.00054,Truck
000034.jpg,515.98176,613.9368000000001,557.54016,640.9281599999999,Car
000034.jpg,679.48128,754.11324,754.8892799999999,821.93508,Car
000034.jpg,620.8944,595.7398800000001,666.94944,630.23724,Car
000020.jpg,925.00032,473.00004,961.00032,520.9995600000001,Truck
000020.jpg,1031.2761600000001,613.05012,1072.78656,649.56924,Car
000020.jpg,823.0003200000001,597.00024,861.99936,629.0006400000001,Car
000020.jpg,697.2412800000001,737.9791200000001,766.15584,792.7416000000001,Car
003501.jpg,572.9999999999999,309.00042,607.5004799999999,337.50054,Car
003501.jpg,703.4995200000001,269.99999999999994,734.99904,293.99976,Car
003501.jpg,755.9990399999999,266.99976,778.4995200000001,296.99999999999994,Car
003501.jpg,1152.0,349.49987999999996,1329.0009599999998,491.99940000000004,Truck
003501.jpg,1762.4995199999998,446.99958,1919.99904,745.4997,Truck
003501.jpg,426.00096,203.99958,446.99999999999994,229.49946,Car
000008.jpg,1133.00064,494.99964,1180.0003199999999,544.99932,Truck
000008.jpg,199.25088000000002,731.6324999999999,298.88928000000004,812.75022,Truck
000008.jpg,791.54784,602.58492,870.97632,688.56372,Truck
000008.jpg,445.68864,595.4191200000001,552.28128,693.2628,Bus
000008.jpg,50.66688,715.2759,117.44448,774.42426,Car
000008.jpg,709.25856,647.23752,760.8431999999999,685.4219999999999,Car
000008.jpg,181.00032,672.0002999999999,243.99936,718.00074,Car
003515.jpg,592.62048,174.42,643.7251200000001,233.31888,Truck
003515.jpg,642.0,219.00024000000002,687.99936,270.0,Truck
003515.jpg,717.0,240.0003,756.9993599999999,286.00074000000006,Truck
003515.jpg,881.2838399999999,278.52768000000003,1000.31616,365.96664,Truck
003515.jpg,475.33056,260.81136000000004,542.11968,329.08032000000003,Truck
003515.jpg,1267.0089600000001,378.16416000000004,1388.7849600000002,498.12840000000006,Truck
003515.jpg,1203.4857600000003,465.68304,1299.15744,524.91024,Car
003515.jpg,586.2355200000001,306.25937999999996,634.512,345.18366,Car
003515.jpg,429.0,202.49945999999997,454.49952,247.49982,Truck
003503.jpg,770.90688,246.29940000000002,839.3088,311.69772,Truck
003503.jpg,899.99424,269.71164,1018.12416,363.84876,Truck
003503.jpg,578.92992,372.6702,636.68352,418.74300000000005,Car
003503.jpg,512.99904,260.99982,541.49952,286.4997,Car
003503.jpg,451.49952,238.50018000000003,475.49952,256.50054,Car
003517.jpg,673.2230400000001,218.37222,733.89504,270.28026,Truck
003517.jpg,603.39648,387.35712,734.1945599999999,534.47256,Truck
003517.jpg,781.0003200000001,253.99979999999996,836.00064,330.99948,Truck
003517.jpg,703.99968,270.0,743.99904,298.00008,Car
003517.jpg,1100.52576,771.4801799999999,1265.6784,905.1118200000001,Car
003517.jpg,786.9993599999999,304.99956,833.99904,336.99996,Car
003517.jpg,805.1020800000001,694.2429000000001,929.58336,795.67974,Car
003517.jpg,927.39072,345.7015200000001,979.5801600000001,386.48448,Car
003517.jpg,476.99904000000004,248.99994,538.99968,320.00021999999996,Truck
003517.jpg,745.99968,426.00005999999996,816.9993599999999,486.99953999999997,Car
003517.jpg,587.99904,194.99994,602.9999999999999,220.49982,Truck
000036.jpg,880.00032,534.9996,912.00096,560.9995200000001,Car
000036.jpg,250.00032000000002,652.99986,301.00128,691.9997400000001,Car
000022.jpg,919.99968,456.0002999999999,949.99968,491.99994,Truck
000022.jpg,864.0009600000001,523.9997999999999,887.00064,544.99932,Car
000022.jpg,604.7318399999999,725.04666,744.35616,885.5098199999999,Bus
000022.jpg,1116.0,526.50054,1140.0,549.00018,Car
000022.jpg,898.5004799999999,495.00072,918.0,516.0002400000001,Car
000022.jpg,443.99904,544.50036,466.49951999999996,565.4998800000001,Car
000618.jpg,1306.37568,309.34170000000006,1363.91424,380.22534,Truck
000618.jpg,805.7136,394.21512,931.41792,513.6609599999999,Truck
000618.jpg,1228.72992,359.8398,1267.73088,389.35619999999994,Car
000618.jpg,1198.5004800000002,287.99981999999994,1230.0,326.99969999999996,Truck
000624.jpg,1370.0006399999997,255.99942,1411.00032,299.9997,Truck
000624.jpg,670.9670400000001,426.8511,855.43296,585.86922,Truck
000624.jpg,1280.72352,333.3879,1341.9119999999998,404.04906,Truck
000624.jpg,1217.79456,368.99226,1259.65824,399.21174,Car
000624.jpg,1128.2064,420.7869,1188.2275200000001,467.57142,Car
000624.jpg,672.91584,716.0184,806.5247999999999,807.7103999999999,Car
000630.jpg,1355.9990400000002,248.99993999999995,1404.99936,321.0003,Truck
000630.jpg,1234.2556800000002,346.8015,1275.2841600000002,380.65626,Car
000630.jpg,922.1232,430.3335599999999,982.78176,476.49492000000004,Car
000630.jpg,839.9990399999999,478.99998,900.9993599999999,523.00026,Car
000630.jpg,1112.35584,482.35338,1180.5004800000002,538.38054,Car
000630.jpg,1110.0,365.00004,1148.9990400000002,395.00028,Car
000630.jpg,1208.99904,257.00004,1258.99968,316.00043999999997,Truck
000630.jpg,1042.0003199999999,397.99944,1084.00032,426.9996,Car
000631.jpg,1374.09024,228.4632,1417.79712,294.17688000000004,Truck
000631.jpg,1322.00064,288.00036000000006,1351.00032,312.00012,Car
000631.jpg,275.09664,692.7768,418.28064,793.10664,Car
000631.jpg,28.364160000000002,832.28148,203.5872,962.46468,Car
000631.jpg,1280.9999999999998,342.99935999999997,1323.0,374.99976000000004,Car
000631.jpg,1126.56864,280.52946000000003,1197.8486400000002,354.27078,Truck
000631.jpg,999.23424,391.70628000000005,1049.78592,430.4502,Car
000631.jpg,788.9500800000001,519.50052,859.99968,568.9062,Car
000625.jpg,1331.0006400000002,295.99992,1380.0009599999998,351.0,Truck
000625.jpg,1276.99968,326.00016,1315.99872,353.00016000000005,Car
000625.jpg,1160.18304,403.17372,1211.95776,442.70820000000003,Car
000625.jpg,1216.39008,253.17036,1265.85888,311.17931999999996,Truck
000625.jpg,242.57280000000006,758.0385,813.76128,1080.00054,Truck
000625.jpg,547.00128,745.99974,743.0006400000001,838.99962,Car
000619.jpg,1345.35744,275.10084000000006,1389.9590400000002,336.02796,Truck
000619.jpg,114.03167999999997,592.32276,442.64928,841.04244,Truck
000619.jpg,1295.00064,307.99979999999994,1330.00032,334.9998,Car
000619.jpg,1101.02976,324.54756,1152.96192,371.04156,Truck
000619.jpg,444.61152000000004,852.2220599999999,625.36224,968.04018,Car
000023.jpg,801.2016,577.1007,869.21376,654.0992999999999,Truck
000023.jpg,619.8854399999999,713.4728399999999,685.3152,759.65148,Car
000023.jpg,427.50048000000004,578.99988,457.50048000000004,605.99988,Car
000023.jpg,750.0,502.50024,766.5004799999999,516.00024,Car
000023.jpg,874.49952,488.9997,892.4995200000001,511.49933999999996,Car
000037.jpg,891.99936,507.9996,920.99904,531.99936,Car
000037.jpg,751.49952,495.00017999999994,782.99904,520.50006,Car
000037.jpg,687.0000000000001,553.49946,712.4995200000001,571.49982,Car
003516.jpg,565.00032,157.99967999999998,610.9996800000001,209.99952000000002,Truck
003516.jpg,746.62272,240.4512,831.264,308.88216000000006,Truck
003516.jpg,529.38528,304.26408,611.02944,396.56304,Truck
003516.jpg,939.9888,295.86168,1009.6944000000001,365.25600000000003,Truck
003516.jpg,849.9724799999999,329.5296,904.1164799999999,361.11312000000004,Car
003516.jpg,722.6591999999999,408.13415999999995,791.3568,468.61416,Car
003516.jpg,1051.4524800000002,400.09248,1126.59168,454.72751999999997,Car
003516.jpg,627.9312,388.88586,687.4147200000001,433.96829999999994,Car
003516.jpg,1376.91744,499.37418,1479.5971200000001,565.9011,Truck
003516.jpg,442.3056,224.74313999999998,489.62399999999997,279.45486,Truck
003516.jpg,589.8,307.72493999999995,633.76224,343.8153,Car
003516.jpg,581.99904,197.99964000000003,611.99904,231.00011999999998,Truck
003516.jpg,643.4995200000001,211.50018,670.49856,243.00054,Truck
003502.jpg,723.0,439.49952,791.99904,486.0,Car
003502.jpg,477.00000000000006,262.50048,502.49952,289.50048000000004,Car
003502.jpg,471.00000000000006,223.50006,493.50048000000004,241.50042,Car
003502.jpg,655.4995200000001,229.5,679.49952,249.00048,Car
003502.jpg,905.9990399999999,281.99988,1000.49952,369.00036,Truck
003502.jpg,1144.50048,301.49982,1329.0009599999998,478.49994000000004,Truck
000012.jpg,868.00032,513.00054,919.00128,574.0000200000001,Truck
000012.jpg,697.5004799999999,547.5000600000001,722.9999999999999,565.50042,Car
000012.jpg,772.5004799999999,526.49946,792.0000000000001,544.4998200000001,Car
000006.jpg,867.00096,489.99978,920.0006399999999,554.9995799999999,Truck
000006.jpg,838.99968,534.0006000000001,867.99936,557.00028,Car
000006.jpg,1071.00096,533.00052,1098.0,556.0002000000001,Car
000006.jpg,1038.78144,558.5867999999999,1099.94112,635.5605599999999,Truck
000006.jpg,972.48672,596.4764399999999,1012.8854400000001,628.64532,Car
000006.jpg,398.49888,708.0015599999999,464.61024,759.9582,Car
000006.jpg,553.4822399999999,610.038,603.7132799999999,647.8077599999999,Car
000006.jpg,665.5651200000001,546.57666,701.05632,575.08542,Car
000006.jpg,371.73504,875.1558600000001,611.1936000000001,1075.08222,Truck
000006.jpg,694.5004799999999,501.00012,726.0,544.50036,Bus
000600.jpg,896.4700799999999,495.38088000000005,1105.81344,729.3132,Truck
000600.jpg,1092.7248,319.11948,1158.58656,377.80884,Truck
000600.jpg,1247.4969600000002,327.97224,1325.54112,416.92320000000007,Truck
000600.jpg,295.72224000000006,954.5466600000001,461.40672,1076.80374,Car
000600.jpg,1357.49952,262.50048000000004,1398.0,327.00023999999996,Truck
000614.jpg,1384.99968,221.00039999999998,1423.99872,276.00048,Truck
000614.jpg,1180.8624,393.46344000000005,1230.16608,432.78623999999996,Car
000614.jpg,890.54112,610.8431400000001,983.7590399999999,676.7199,Car
000628.jpg,791.4864,376.27146,961.84224,524.03598,Truck
000628.jpg,1268.2329599999998,300.60018,1351.6608,406.32030000000003,Truck
000628.jpg,1248.0,339.00066000000004,1281.00096,374.00022,Car
000629.jpg,64.59264000000002,532.41516,527.23968,864.2429999999999,Truck
000629.jpg,1329.0095999999999,274.39992,1383.90432,352.04112000000003,Truck
000629.jpg,971.69664,511.64298,1045.5244799999998,578.1915000000001,Car
000629.jpg,1111.19616,347.03693999999996,1156.13184,377.08578,Car
000629.jpg,1055.99904,369.99936,1099.9996800000001,400.99967999999996,Car
000615.jpg,1289.1724800000002,319.75451999999996,1321.8432,345.80412,Car
000615.jpg,1188.44928,394.14384,1240.38528,431.00856,Car
000615.jpg,965.1340800000002,619.9081199999999,1193.9327999999998,898.7166,Truck
000615.jpg,1233.0009599999998,261.00036,1269.00096,304.5006,Truck
000601.jpg,1224.03456,340.08336,1316.4671999999998,454.37760000000003,Truck
000601.jpg,893.1369599999999,387.53099999999995,1011.52992,472.94604,Truck
000601.jpg,1334.02272,281.8206,1383.1075200000002,338.2074,Truck
000601.jpg,1075.00128,466.00055999999995,1144.0003199999999,516.00024,Car
000601.jpg,1380.9993599999998,237.99960000000002,1415.99904,290.99952,Truck
000601.jpg,916.29408,573.1722000000001,1006.8624000000001,632.33028,Car
000601.jpg,1086.9993600000003,375.99984,1133.99904,409.00032000000004,Car
000601.jpg,416.06976,862.00848,591.60768,1001.55528,Car
000007.jpg,880.00032,478.00044,924.00096,531.00036,Truck
000007.jpg,1074.95136,517.131,1121.77824,578.47068,Truck
000007.jpg,536.00064,592.99992,596.00064,645.9998400000001,Truck
000007.jpg,672.33888,680.4442799999999,793.36992,805.48884,Truck
000007.jpg,629.4240000000001,531.73692,685.01184,593.1500400000001,Bus
000007.jpg,771.0,478.50048,791.9990399999999,513.0,Bus
000007.jpg,321.00096,624.00024,357.00095999999996,657.00072,Car
000007.jpg,376.50048000000004,613.49994,409.50144,645.0003,Car
000013.jpg,877.99968,493.00056,922.00032,546.00048,Truck
000013.jpg,676.3728,625.3497,812.57952,787.32918,Truck
000013.jpg,529.5744,638.7060600000001,581.15328,679.75362,Car
000013.jpg,673.00032,577.9998,711.00096,610.0002000000001,Car
000005.jpg,843.99936,519.0004799999999,903.99936,601.00056,Truck
000005.jpg,1076.00064,544.00032,1102.99968,568.00008,Car
000005.jpg,799.99968,569.0001599999999,837.0000000000001,598.0003200000001,Car
000005.jpg,998.9999999999999,583.0002,1036.00032,613.00044,Car
000005.jpg,960.07872,613.8919799999999,1058.09472,745.28802,Truck
000005.jpg,833.74176,745.37874,900.0950399999999,795.39678,Car
000005.jpg,681.9993599999999,570.99924,720.0,604.9998,Car
000011.jpg,881.00064,510.99983999999995,918.0009600000001,558.9993599999999,Truck
000011.jpg,819.57024,557.23086,899.47488,641.60586,Truck
000011.jpg,850.49952,520.5006,873.0,544.50036,Car
003518.jpg,614.0006400000001,196.00056,664.0012800000001,244.00008,Truck
003518.jpg,746.97408,621.0232199999999,1043.21856,960.6778199999999,Truck
003518.jpg,678.0009600000001,222.00048,732.00096,273.00024,Truck
003518.jpg,743.9999999999999,286.00019999999995,780.0,312.00012,Car
003518.jpg,529.3756800000001,299.33226,619.07616,387.34902000000005,Truck
003518.jpg,1263.65664,979.55946,1473.5299200000002,1073.04102,Car
003518.jpg,667.49952,256.5,698.99904,280.49976000000004,Car
000039.jpg,991.00032,581.99958,1077.0009599999998,703.9996199999999,Truck
000039.jpg,628.2959999999999,558.7979399999999,677.1043199999999,600.1587,Car
003524.jpg,1073.34432,828.8735399999999,1244.75616,990.2331,Car
003524.jpg,677.74272,221.48748,736.26048,278.60652,Truck
003524.jpg,421.50048,206.99928,439.50048000000004,226.49976,Car
000617.jpg,1340.99904,281.99987999999996,1366.99968,302.9994,Car
000617.jpg,1264.9996800000001,354.99978,1344.0,448.99974000000003,Truck
000617.jpg,1043.3664,320.75946000000005,1120.3199999999997,394.6347,Truck
000617.jpg,1270.0003199999999,334.9998,1307.00064,365.00003999999996,Car
000617.jpg,1180.7462400000002,444.99726,1231.78752,486.07074,Car
000603.jpg,1369.00032,258.00012,1407.00096,305.99964,Truck
000603.jpg,1303.0003199999999,314.00028,1336.9996800000001,340.0002,Car
000603.jpg,1288.0003199999999,321.99984,1315.99968,343.99944000000005,Car
000603.jpg,1261.9996800000001,340.0002,1299.0000000000002,367.00020000000006,Car
000603.jpg,1209.0000000000002,366.0006599999999,1255.99968,403.00038,Car
000603.jpg,1142.27424,426.82518000000005,1203.03648,467.02385999999996,Car
000603.jpg,175.99968,584.00028,285.0,668.0005199999999,Truck
000603.jpg,1225.63008,415.63854,1275.6383999999998,453.10914,Car
000603.jpg,1144.0944,304.15284,1205.65536,359.67348000000004,Bus
000603.jpg,961.656,549.6875999999999,1040.9232,606.64896,Car
000602.jpg,1325.99904,286.99974000000003,1381.99968,358.00002,Truck
000602.jpg,352.16256000000004,541.26198,643.59168,727.21098,Truck
000602.jpg,1369.99872,254.99934,1407.99936,298.99962000000005,Truck
000602.jpg,1242.60768,352.57302,1281.2784,381.35609999999997,Car
000602.jpg,1387.99968,227.99988000000002,1420.0003199999999,275.99940000000004,Truck
000602.jpg,1191.7353600000001,383.90112,1239.89472,419.94936,Car
000602.jpg,1104.41664,434.84958,1162.3814399999999,489.58290000000005,Car
000602.jpg,945.8649599999999,529.04718,1026.27072,598.6348199999999,Car
000602.jpg,483.53952,505.40976,583.6271999999999,566.4276,Car
000602.jpg,816.6115199999999,755.17974,937.22016,840.7535399999999,Car
000602.jpg,700.49856,733.49982,817.4995200000001,819.00018,Car
000616.jpg,1338.0009599999998,281.99988,1366.00032,305.99964,Car
000616.jpg,1301.4288000000001,316.71162,1334.4624,341.8227,Car
000616.jpg,1196.18016,424.68192,1317.4992,574.0048800000001,Truck
000616.jpg,1165.46784,279.84312,1218.73056,337.58856,Truck
000616.jpg,1091.33472,454.96134,1147.7232000000001,496.75841999999994,Car
000616.jpg,1108.56192,617.32638,1199.16288,692.8302600000001,Car
003525.jpg,619.99968,191.00016,671.00064,243.0,Truck
003525.jpg,448.50048,234.00036,468.0,258.00012000000004,Car
000038.jpg,469.01472,650.41002,527.3231999999999,687.82446,Car
000038.jpg,861.8572800000001,688.8628799999999,1015.5532800000001,904.01616,Truck
000038.jpg,350.00064000000003,623.0001599999999,393.00095999999996,652.00032,Car
000038.jpg,715.4995200000001,515.9997,744.0,551.9993400000001,Car
003519.jpg,626.9990399999999,382.50036,739.49952,531.00036,Truck
003519.jpg,573.00096,177.00012,616.5004799999999,217.50011999999998,Truck
003519.jpg,624.0,196.50006000000002,655.4995200000001,238.50018000000003,Truck
003519.jpg,657.0,248.99939999999998,679.50048,265.49964,Car
003519.jpg,596.99904,223.49952,620.9990399999999,243.0,Car
003519.jpg,451.50048000000004,205.49970000000002,474.00096,223.50006,Car
000010.jpg,861.6076800000001,535.36626,910.44864,584.5202999999999,Truck
000010.jpg,378.41088,618.04242,497.10528,720.2093400000001,Bus
000010.jpg,694.9391999999999,656.3624399999999,812.73696,804.6075599999999,Truck
000010.jpg,793.4995200000001,571.5003600000001,826.5004799999999,598.50036,Car
000010.jpg,782.99904,607.5,816.0,634.4999999999999,Car
000004.jpg,852.0,523.9998,878.99904,547.9995600000001,Car
000004.jpg,779.3471999999999,555.9651,873.6499200000001,679.4253,Truck
000004.jpg,1021.0041599999998,604.6925399999999,1057.8528000000001,636.44778,Car
000004.jpg,107.28096000000002,701.5728599999999,183.62976,750.49146,Car
000004.jpg,651.6048,689.44932,712.4515200000001,736.08588,Car
000004.jpg,859.87968,717.6967199999999,921.4464,767.8627200000001,Car
000004.jpg,247.32096,650.50182,299.48735999999997,689.74578,Car
000004.jpg,716.60832,798.3100800000001,931.60416,1080.0,Truck
003521.jpg,511.05503999999996,264.35213999999996,549.8332800000001,295.21097999999995,Car
003521.jpg,1510.88256,456.88752000000005,1868.8512,697.2544800000001,Truck
000028.jpg,724.63104,722.6085599999999,792.04608,784.3996800000001,Car
000028.jpg,325.99968,627.00048,427.99967999999996,732.00024,Truck
003509.jpg,739.0684799999999,236.76353999999998,821.25792,305.59086,Truck
003509.jpg,1008.72192,356.87088,1095.58656,442.74384000000003,Truck
003509.jpg,1249.09152,333.83934,1526.1840000000002,534.8889,Truck
000000.jpg,711.21312,410.14134,781.68672,469.82969999999995,Car
000000.jpg,1183.19424,382.24764,1285.6723200000001,467.74044,Car
000000.jpg,527.9999999999999,279.00018,554.9990399999999,304.50006,Car
000000.jpg,390.0,152.99982,414.0,188.99946,Bus
000014.jpg,817.54176,542.9024999999999,897.9590400000001,638.87238,Truck
000014.jpg,394.00032000000004,717.99966,467.00064,764.0001000000001,Car
000014.jpg,420.00095999999996,592.49934,450.00095999999996,610.4997,Car
000014.jpg,868.50048,475.49969999999996,892.5004799999999,514.49958,Truck
000014.jpg,900.0,478.49940000000004,919.4995200000001,508.49964,Truck
000612.jpg,9.566400000000002,592.3357199999999,415.67904000000004,1001.36628,Truck
000612.jpg,1351.00032,264.00006,1396.99968,324.99954,Truck
000612.jpg,1245.9993599999998,355.00032,1286.9990400000002,387.00072000000006,Car
000612.jpg,738.38688,522.0288,807.86592,574.2100800000001,Car
000606.jpg,982.8326400000001,357.63012,1089.14304,431.17812000000004,Truck
000607.jpg,568.49376,482.64336,791.02368,634.55616,Truck
000607.jpg,865.00032,405.00053999999994,915.0009600000001,441.00018,Car
000607.jpg,1177.02144,327.77298,1212.66048,354.59262,Car
000613.jpg,1374.0,231.00066,1417.00032,292.00014,Truck
000613.jpg,1335.0009599999998,284.00004,1362.0,305.99964,Car
000613.jpg,880.5657600000001,599.97672,976.1088,674.57448,Car
000015.jpg,860.48928,497.33459999999997,919.71936,574.047,Truck
000015.jpg,168.0624,685.20708,224.54304,729.07236,Car
000015.jpg,438.7104,849.8206800000002,536.14656,921.95388,Car
000001.jpg,139.21632,626.68296,274.73568,731.66976,Truck
000001.jpg,701.1619199999999,665.2529999999999,755.24256,703.60812,Car
000001.jpg,556.18944,630.4753800000001,609.7728000000001,672.66774,Car
000001.jpg,372.46367999999995,559.10628,452.89056,637.65684,Truck
000001.jpg,630.24096,551.14398,679.44096,602.9224200000001,Truck
003508.jpg,857.2848,266.53914,974.39904,354.12174000000005,Truck
003508.jpg,1651.38624,571.2017400000001,1872.4780799999999,770.64426,Truck
000029.jpg,845.00064,594.00054,887.00064,631.00026,Car
000029.jpg,549.4281599999999,601.6280399999999,594.89184,632.76228,Car
000029.jpg,170.45376,683.0751600000001,234.53184000000002,725.9706,Car
003520.jpg,776.0918399999999,620.5318199999999,1087.81344,1005.6371399999999,Truck
003520.jpg,475.49952,237.00006000000002,499.49952,259.4997,Car
003522.jpg,576.7478400000001,314.22654,630.1718400000001,353.61305999999996,Car
003522.jpg,965.568,305.89056,1111.53024,417.2364,Truck
000017.jpg,847.99968,531.9999,872.9999999999999,552.00042,Car
000017.jpg,866.00064,537.0003,936.0,631.00026,Truck
000017.jpg,1029.4675200000001,620.36118,1068.50112,655.5357,Car
000017.jpg,439.28352,509.19462000000004,496.42080000000004,573.4837799999999,Truck
000003.jpg,849.99936,523.9998,876.0000000000001,546.9994800000001,Car
000003.jpg,121.83552,727.1942399999999,256.6464,856.8612,Truck
000003.jpg,245.58815999999996,615.58488,324.11424,692.2130399999999,Truck
000003.jpg,583.1856,671.09202,765.7641600000001,901.7551799999999,Truck
000003.jpg,904.9209599999999,764.4834,972.2553600000001,821.19204,Car
000003.jpg,486.024,802.13598,569.66112,871.41474,Car
000003.jpg,819.0,567.0,839.9990399999999,587.9995200000001,Car
000639.jpg,1290.0009599999998,315.00036,1339.50048,382.50036,Truck
000639.jpg,1323.0,283.50054,1377.0,346.50018,Truck
000639.jpg,1376.99904,262.49994,1405.49952,304.50005999999996,Truck
000639.jpg,1217.99904,264.00006,1259.9990400000002,309.00042,Truck
000639.jpg,497.99904000000004,507.00005999999996,717.0000000000001,633.00042,Truck
000605.jpg,0.0,690.4094399999999,311.85408,1021.99752,Bus
000605.jpg,1303.0003199999999,309.99942000000004,1334.00064,329.99994,Car
000605.jpg,466.67423999999994,619.9502400000001,575.5632,705.76056,Car
000605.jpg,1139.7504000000001,299.24154,1204.1702400000001,355.02029999999996,Truck
000611.jpg,772.53408,378.7182,956.83296,535.1994,Truck
000611.jpg,1288.53024,304.33212000000003,1360.09056,385.58916000000005,Truck
000611.jpg,891.30912,592.9270200000001,987.5337599999999,658.55106,Car
000611.jpg,1070.49312,367.68816,1117.92672,398.64528,Car
000610.jpg,1041.96864,309.65004,1140.85248,398.81051999999994,Truck
000610.jpg,1121.49792,384.68898,1263.36864,527.75766,Truck
000604.jpg,1211.9990400000002,375.0003,1246.4995199999998,403.50041999999996,Car
000604.jpg,1284.0,334.50030000000004,1312.5004800000002,356.99994,Car
000604.jpg,1330.5004800000002,326.99969999999996,1354.50048,341.99982,Car
000604.jpg,1027.4995199999998,383.99940000000004,1070.99904,416.99988,Car
000604.jpg,907.5004799999998,384.00048000000004,1017.0,475.50024,Bus
000638.jpg,1336.7376000000002,272.42999999999995,1385.8915200000001,341.1936,Truck
000638.jpg,1252.44768,325.04544000000004,1328.35488,415.74384,Truck
000638.jpg,919.5158399999999,368.47332,1027.2566399999998,461.22588,Truck
000638.jpg,178.99968,602.0001,284.00064,673.00038,Car
000638.jpg,1174.2115199999998,380.53638,1267.56768,483.88266,Truck
000002.jpg,822.0000000000001,558.00036,855.0009600000001,587.00052,Car
000002.jpg,199.83551999999997,604.2691800000001,323.19552,708.4967399999999,Truck
000002.jpg,486.08544,605.01924,557.7955199999999,680.5242,Truck
000002.jpg,403.54848,568.66482,461.65727999999996,627.08526,Bus
000002.jpg,665.39904,691.7529599999999,724.37376,742.7484,Car
000016.jpg,880.9996800000001,483.99984,924.0,540.0,Truck
000016.jpg,769.59456,602.3511,808.00032,634.61178,Car
000016.jpg,805.9593600000001,576.98136,903.10944,724.29984,Truck
000016.jpg,943.0800000000002,760.3821,1009.5408000000001,813.7027800000001,Car
003523.jpg,707.3798400000001,422.55594,781.91808,482.78646,Car
003523.jpg,774.53184,254.26602,854.11968,325.56222,Truck
000071.jpg,888.00096,522.99972,918.00096,546.99948,Car
000071.jpg,1074.42144,519.02424,1122.8265600000002,573.3482399999999,Bus
000071.jpg,840.9993599999999,529.0002,872.9999999999999,552.99996,Car
000071.jpg,854.0006400000001,559.9999799999999,897.00096,602.0001,Car
000071.jpg,697.26816,497.09592000000004,754.57824,560.4465600000001,Truck
000071.jpg,557.36928,621.5535,613.2239999999999,672.7681799999999,Car
000071.jpg,563.20128,869.75532,665.70624,937.8925200000001,Car
000071.jpg,351.0576,612.93078,394.95456,648.7144200000001,Car
000065.jpg,1030.24224,584.3960999999999,1065.0691199999999,613.03014,Car
000065.jpg,751.8777600000001,650.05254,831.93408,727.0705800000001,Truck
000065.jpg,409.49952,592.4998800000001,442.50048,619.49988,Car
000059.jpg,1036.33056,537.4647,1100.17632,612.1585799999999,Truck
000059.jpg,997.3488,610.0007400000001,1043.7302399999999,654.49566,Car
000059.jpg,92.94048000000001,684.73026,179.21568000000002,759.6963,Truck
000059.jpg,444.99935999999997,525.9999600000001,493.99968,585.00036,Truck
000059.jpg,733.5004799999999,499.49946,768.00096,541.49958,Bus
000058.jpg,53.830079999999995,631.4473800000001,225.9216,764.99694,Truck
000058.jpg,980.00064,572.0003999999999,1064.00064,682.00056,Truck
000058.jpg,908.53344,708.52698,972.3216,769.35798,Car
000058.jpg,345.0,595.5001199999999,391.50048,646.49988,Car
000058.jpg,456.0,557.99928,480.0,577.49976,Car
000058.jpg,771.00096,478.49994000000004,798.0,514.49958,Bus
000058.jpg,397.49951999999996,511.50042,445.49952,561.00006,Bus
000064.jpg,1126.00032,529.99974,1151.00064,547.0000200000001,Car
000064.jpg,1075.99872,541.00008,1108.99968,565.99992,Car
000064.jpg,960.2630399999999,644.5850399999999,1011.504,681.5599199999999,Car
000064.jpg,486.816,860.84316,654.1516799999999,1022.7178799999999,Truck
000070.jpg,865.99968,555.00012,900.99936,583.0002,Car
000070.jpg,1042.98816,559.06794,1104.3129600000002,631.58238,Bus
000070.jpg,806.00064,568.00008,844.99968,597.0002400000001,Car
000070.jpg,768.7728,660.9459599999999,824.4816000000001,717.93972,Truck
000070.jpg,729.00096,534.0006000000001,760.50048,568.50012,Car
000070.jpg,744.0,475.50024,789.00096,532.50048,Truck
000066.jpg,1068.99936,549.99972,1101.0,573.99948,Car
000066.jpg,839.18208,573.2186399999999,896.32896,628.44336,Truck
000066.jpg,231.76895999999996,659.0019599999999,288.38592,700.06788,Car
000066.jpg,881.32608,861.33672,968.93568,932.7096,Car
000066.jpg,745.49952,526.49946,772.49856,557.9998199999999,Car
000066.jpg,451.50143999999995,540.0,478.50048,573.00048,Bus
000072.jpg,1123.0003199999999,496.9998,1175.9999999999998,547.9995600000001,Bus
000072.jpg,888.0,518.0004,921.00096,547.00056,Car
000072.jpg,617.14368,517.56516,707.2300799999999,603.73836,Truck
000072.jpg,789.0009600000001,640.9999799999999,842.00064,675.99954,Car
000072.jpg,38.96544,720.43398,108.82848,776.87802,Car
000072.jpg,654.79008,601.5627,699.25152,631.2335400000001,Car
000099.jpg,890.9990399999999,511.99992,916.99968,532.99944,Car
000099.jpg,1098.0009599999998,534.0006000000001,1133.00064,559.0004399999999,Car
000099.jpg,849.9993600000001,527.00004,873.99936,547.99956,Car
000099.jpg,269.79744,648.42282,321.15168,684.9387,Car
000099.jpg,690.9312,552.60144,723.3638400000001,580.92984,Car
000098.jpg,872.9721600000001,539.35146,906.56448,566.59446,Car
000098.jpg,1065.9993599999998,568.00008,1101.99936,599.0004000000001,Car
000098.jpg,789.7929599999999,586.17324,824.80032,614.74788,Car
000098.jpg,446.99904,574.50006,475.49952,599.9999399999999,Car
000098.jpg,761.9990399999999,508.50018,784.49952,526.50054,Car
000073.jpg,477.59616,547.8354,618.93504,671.2340399999999,Truck
000073.jpg,855.9993599999999,560.9995199999998,894.0,589.99968,Car
000073.jpg,310.82207999999997,762.46542,388.05024,812.23074,Car
000073.jpg,542.99904,646.9993800000001,604.99968,691.99974,Car
000073.jpg,906.00096,495.00018,924.0009600000001,513.00054,Car
000067.jpg,873.99936,529.99974,914.9990399999999,575.0000999999999,Truck
000067.jpg,1017.4896,651.26862,1066.32096,688.11498,Car
000067.jpg,405.8832,570.10716,460.4016,626.07276,Bus
000067.jpg,757.6320000000001,685.96956,809.9980800000001,724.65948,Car
000067.jpg,664.26144,690.3235799999999,726.42912,733.62834,Car
000067.jpg,645.0,588.00006,684.99936,630.00018,Car
000067.jpg,1113.0,526.5,1133.99904,547.49952,Car
000063.jpg,1073.99904,554.0000399999999,1105.99968,575.9996399999999,Car
000063.jpg,1001.5631999999998,586.7791199999999,1037.08512,616.0341599999999,Car
000063.jpg,806.76768,796.6069200000001,887.7398400000001,860.1800400000001,Car
000077.jpg,872.9999999999999,493.50006,891.0,511.50042,Car
000077.jpg,453.00000000000006,544.50036,475.50048,565.4998800000001,Car
000088.jpg,1162.99968,496.00026,1208.00064,537.0003,Truck
000088.jpg,796.0012800000001,547.1253,888.66048,680.51286,Truck
000088.jpg,615.24672,550.0089000000002,671.74848,607.25214,Bus
000088.jpg,651.9993599999999,591.99984,687.99936,621.0000000000001,Car
000088.jpg,669.20928,508.5935999999999,716.19744,552.5863199999999,Truck
000088.jpg,716.00064,558.00036,742.99968,583.0002,Car
000088.jpg,894.0009600000001,456.00030000000004,919.50048,487.50066,Truck
000089.jpg,840.9993599999999,527.99958,906.99936,624.99978,Truck
000089.jpg,376.70976,633.03336,483.99168,730.59408,Bus
000089.jpg,269.45376,769.49568,354.62687999999997,834.57648,Car
000089.jpg,582.4694400000001,532.8406799999999,643.70784,599.0036399999999,Truck
000089.jpg,516.0,658.00026,576.0,699.0003,Car
000089.jpg,683.61792,696.9564,745.44192,744.98184,Car
000076.jpg,853.99968,523.9998,881.99904,547.9995600000001,Car
000062.jpg,1152.0,488.9997,1197.00096,535.00014,Truck
000062.jpg,1000.3344000000002,617.85774,1039.3008,650.50074,Car
000062.jpg,902.7792,676.60164,952.77408,716.12316,Car
000048.jpg,1028.99904,561.9996,1064.9990400000002,589.9996799999999,Car
000048.jpg,681.78336,529.7178600000001,720.78816,573.62742,Truck
000074.jpg,127.77984000000001,611.89884,445.57824,831.97692,Truck
000074.jpg,883.0003200000001,519.00048,914.0006400000001,544.00032,Car
000074.jpg,679.26432,685.3728600000001,741.90816,733.74066,Car
000060.jpg,1073.9184,507.35376,1127.46144,569.77344,Truck
000060.jpg,1050.0,566.00046,1086.0,602.0001000000001,Car
000060.jpg,397.99968,551.0003399999999,468.99936,623.0006999999999,Bus
000060.jpg,649.7865599999999,537.6979799999999,702.93792,593.22834,Bus
000060.jpg,330.00095999999996,624.00024,367.50048000000004,658.49976,Car
000100.jpg,478.00031999999993,661.9995000000001,534.99936,706.99986,Car
000100.jpg,823.16064,750.36186,903.0115199999999,811.59246,Car
000100.jpg,436.2288,515.31606,480.45216,562.30146,Truck
000100.jpg,957.99936,728.00046,1022.9990400000002,792.00018,Car
000061.jpg,1114.00128,491.99940000000004,1172.00064,550.9998,Truck
000061.jpg,229.73664,602.33382,336.90144,696.57786,Bus
000061.jpg,441.63648000000006,608.6934,541.99104,699.48684,Bus
000061.jpg,94.28735999999999,711.9889200000001,159.36768,753.91668,Car
000061.jpg,828.13728,821.98368,911.8358400000001,888.9609600000001,Car
000061.jpg,669.74016,996.72174,783.4809599999999,1079.99946,Car
000061.jpg,1095.0009599999998,528.00012,1122.0,562.49964,Car
000075.jpg,811.8528000000001,572.15646,846.51264,601.9720199999999,Car
000075.jpg,898.4995200000001,499.49945999999994,919.49856,514.49958,Car
000049.jpg,1062.0,536.99976,1093.0003199999999,560.9995200000001,Car
000049.jpg,560.304,576.6179399999999,616.16832,641.75598,Truck
